In:room_width,In:room_depth,In:transmittance,In:louver_depth,Out:AVG_DF,Out:MIN_DF,Out:MAX_DF,Out:UNIFORMITY_RATIO,Img:Perspective
3,3,0.35,0.2,1.589018,0.44515,3.96824,0.280142,room_width_3_room_depth_3_transmittance_0.35_louver_depth_0.2.png
4,3,0.35,0.2,1.65024,0.335407,3.890882,0.203247,room_width_4_room_depth_3_transmittance_0.35_louver_depth_0.2.png
5,3,0.35,0.2,1.72376,0.305723,3.927579,0.177358,room_width_5_room_depth_3_transmittance_0.35_louver_depth_0.2.png
6,3,0.35,0.2,1.748479,0.289901,3.9364,0.165802,room_width_6_room_depth_3_transmittance_0.35_louver_depth_0.2.png
7,3,0.35,0.2,1.788849,0.276391,4.027283,0.154508,room_width_7_room_depth_3_transmittance_0.35_louver_depth_0.2.png
3,4,0.35,0.2,1.244736,0.40239,3.936745,0.323274,room_width_3_room_depth_4_transmittance_0.35_louver_depth_0.2.png
4,4,0.35,0.2,1.33075,0.295818,3.886421,0.222294,room_width_4_room_depth_4_transmittance_0.35_louver_depth_0.2.png
5,4,0.35,0.2,1.393487,0.257953,3.889853,0.185114,room_width_5_room_depth_4_transmittance_0.35_louver_depth_0.2.png
6,4,0.35,0.2,1.421191,0.244389,3.892513,0.17196,room_width_6_room_depth_4_transmittance_0.35_louver_depth_0.2.png
7,4,0.35,0.2,1.457528,0.229789,3.931937,0.157657,room_width_7_room_depth_4_transmittance_0.35_louver_depth_0.2.png
3,5,0.35,0.2,1.048533,0.302106,3.909484,0.288123,room_width_3_room_depth_5_transmittance_0.35_louver_depth_0.2.png
4,5,0.35,0.2,1.115518,0.283322,3.89062,0.253983,room_width_4_room_depth_5_transmittance_0.35_louver_depth_0.2.png
5,5,0.35,0.2,1.167019,0.236503,3.873136,0.202655,room_width_5_room_depth_5_transmittance_0.35_louver_depth_0.2.png
6,5,0.35,0.2,1.193624,0.217577,3.893903,0.182283,room_width_6_room_depth_5_transmittance_0.35_louver_depth_0.2.png
7,5,0.35,0.2,1.225786,0.204565,3.915831,0.166885,room_width_7_room_depth_5_transmittance_0.35_louver_depth_0.2.png
3,6,0.35,0.2,0.893061,0.204291,3.91245,0.228753,room_width_3_room_depth_6_transmittance_0.35_louver_depth_0.2.png
4,6,0.35,0.2,0.95057,0.253683,3.854389,0.266874,room_width_4_room_depth_6_transmittance_0.35_louver_depth_0.2.png
5,6,0.35,0.2,0.999351,0.230903,3.882105,0.231053,room_width_5_room_depth_6_transmittance_0.35_louver_depth_0.2.png
6,6,0.35,0.2,1.025253,0.205268,3.843656,0.200212,room_width_6_room_depth_6_transmittance_0.35_louver_depth_0.2.png
7,6,0.35,0.2,1.054055,0.188484,3.894541,0.178818,room_width_7_room_depth_6_transmittance_0.35_louver_depth_0.2.png
3,7,0.35,0.2,0.773748,0.140044,3.93657,0.180994,room_width_3_room_depth_7_transmittance_0.35_louver_depth_0.2.png
4,7,0.35,0.2,0.823773,0.179323,3.825649,0.217685,room_width_4_room_depth_7_transmittance_0.35_louver_depth_0.2.png
5,7,0.35,0.2,0.871194,0.19558,3.862424,0.224496,room_width_5_room_depth_7_transmittance_0.35_louver_depth_0.2.png
6,7,0.35,0.2,0.894995,0.198135,3.856312,0.221381,room_width_6_room_depth_7_transmittance_0.35_louver_depth_0.2.png
7,7,0.35,0.2,0.917919,0.181181,3.885505,0.197382,room_width_7_room_depth_7_transmittance_0.35_louver_depth_0.2.png
3,3,0.45,0.2,2.081691,0.588995,5.365711,0.282941,room_width_3_room_depth_3_transmittance_0.45_louver_depth_0.2.png
4,3,0.45,0.2,2.204984,0.455055,5.20512,0.206375,room_width_4_room_depth_3_transmittance_0.45_louver_depth_0.2.png
5,3,0.45,0.2,2.294222,0.422694,5.259045,0.184243,room_width_5_room_depth_3_transmittance_0.45_louver_depth_0.2.png
6,3,0.45,0.2,2.321893,0.39503,5.249782,0.170133,room_width_6_room_depth_3_transmittance_0.45_louver_depth_0.2.png
7,3,0.45,0.2,2.371655,0.375124,5.349739,0.15817,room_width_7_room_depth_3_transmittance_0.45_louver_depth_0.2.png
3,4,0.45,0.2,1.659378,0.563389,5.255186,0.339518,room_width_3_room_depth_4_transmittance_0.45_louver_depth_0.2.png
4,4,0.45,0.2,1.771409,0.405025,5.182263,0.228646,room_width_4_room_depth_4_transmittance_0.45_louver_depth_0.2.png
5,4,0.45,0.2,1.850144,0.360254,5.200374,0.194716,room_width_5_room_depth_4_transmittance_0.45_louver_depth_0.2.png
6,4,0.45,0.2,1.890808,0.332426,5.184495,0.175812,room_width_6_room_depth_4_transmittance_0.45_louver_depth_0.2.png
7,4,0.45,0.2,1.934852,0.312217,5.296068,0.161365,room_width_7_room_depth_4_transmittance_0.45_louver_depth_0.2.png
3,5,0.45,0.2,1.386316,0.395515,5.266696,0.285299,room_width_3_room_depth_5_transmittance_0.45_louver_depth_0.2.png
4,5,0.45,0.2,1.486088,0.399814,5.176959,0.269038,room_width_4_room_depth_5_transmittance_0.45_louver_depth_0.2.png
5,5,0.45,0.2,1.54853,0.330366,5.131826,0.213342,room_width_5_room_depth_5_transmittance_0.45_louver_depth_0.2.png
6,5,0.45,0.2,1.589161,0.302137,5.192316,0.190123,room_width_6_room_depth_5_transmittance_0.45_louver_depth_0.2.png
7,5,0.45,0.2,1.62834,0.282194,5.185958,0.173302,room_width_7_room_depth_5_transmittance_0.45_louver_depth_0.2.png
3,6,0.45,0.2,1.183141,0.265004,5.233851,0.223984,room_width_3_room_depth_6_transmittance_0.45_louver_depth_0.2.png
4,6,0.45,0.2,1.261935,0.331713,5.15234,0.26286,room_width_4_room_depth_6_transmittance_0.45_louver_depth_0.2.png
5,6,0.45,0.2,1.327167,0.317674,5.195926,0.239363,room_width_5_room_depth_6_transmittance_0.45_louver_depth_0.2.png
6,6,0.45,0.2,1.357131,0.281895,5.165349,0.207714,room_width_6_room_depth_6_transmittance_0.45_louver_depth_0.2.png
7,6,0.45,0.2,1.393273,0.260949,5.154849,0.187292,room_width_7_room_depth_6_transmittance_0.45_louver_depth_0.2.png
3,7,0.45,0.2,1.014925,0.173113,5.277863,0.170567,room_width_3_room_depth_7_transmittance_0.45_louver_depth_0.2.png
4,7,0.45,0.2,1.094358,0.235628,5.124485,0.215311,room_width_4_room_depth_7_transmittance_0.45_louver_depth_0.2.png
5,7,0.45,0.2,1.154196,0.270602,5.142362,0.234451,room_width_5_room_depth_7_transmittance_0.45_louver_depth_0.2.png
6,7,0.45,0.2,1.183028,0.269902,5.109188,0.228145,room_width_6_room_depth_7_transmittance_0.45_louver_depth_0.2.png
7,7,0.45,0.2,1.219575,0.247453,5.142371,0.202901,room_width_7_room_depth_7_transmittance_0.45_louver_depth_0.2.png
3,3,0.55,0.2,2.633128,0.790765,6.641988,0.300314,room_width_3_room_depth_3_transmittance_0.55_louver_depth_0.2.png
4,3,0.55,0.2,2.769284,0.594753,6.567651,0.214768,room_width_4_room_depth_3_transmittance_0.55_louver_depth_0.2.png
5,3,0.55,0.2,2.875427,0.535797,6.656956,0.186337,room_width_5_room_depth_3_transmittance_0.55_louver_depth_0.2.png
6,3,0.55,0.2,2.920384,0.505578,6.65887,0.17312,room_width_6_room_depth_3_transmittance_0.55_louver_depth_0.2.png
7,3,0.55,0.2,2.995287,0.484886,6.759865,0.161883,room_width_7_room_depth_3_transmittance_0.55_louver_depth_0.2.png
3,4,0.55,0.2,2.109908,0.737117,6.653777,0.34936,room_width_3_room_depth_4_transmittance_0.55_louver_depth_0.2.png
4,4,0.55,0.2,2.227556,0.530075,6.582816,0.237963,room_width_4_room_depth_4_transmittance_0.55_louver_depth_0.2.png
5,4,0.55,0.2,2.325834,0.460132,6.616878,0.197835,room_width_5_room_depth_4_transmittance_0.55_louver_depth_0.2.png
6,4,0.55,0.2,2.373887,0.423774,6.638471,0.178515,room_width_6_room_depth_4_transmittance_0.55_louver_depth_0.2.png
7,4,0.55,0.2,2.429166,0.396914,6.60861,0.163395,room_width_7_room_depth_4_transmittance_0.55_louver_depth_0.2.png
3,5,0.55,0.2,1.71924,0.472721,6.618878,0.274959,room_width_3_room_depth_5_transmittance_0.55_louver_depth_0.2.png
4,5,0.55,0.2,1.839577,0.49068,6.456127,0.266735,room_width_4_room_depth_5_transmittance_0.55_louver_depth_0.2.png
5,5,0.55,0.2,1.934577,0.415748,6.528746,0.214904,room_width_5_room_depth_5_transmittance_0.55_louver_depth_0.2.png
6,5,0.55,0.2,1.983971,0.378537,6.523983,0.190798,room_width_6_room_depth_5_transmittance_0.55_louver_depth_0.2.png
7,5,0.55,0.2,2.036459,0.352253,6.52706,0.172973,room_width_7_room_depth_5_transmittance_0.55_louver_depth_0.2.png
3,6,0.55,0.2,1.464871,0.319816,6.629036,0.218323,room_width_3_room_depth_6_transmittance_0.55_louver_depth_0.2.png
4,6,0.55,0.2,1.580444,0.398641,6.511413,0.252234,room_width_4_room_depth_6_transmittance_0.55_louver_depth_0.2.png
5,6,0.55,0.2,1.657967,0.399957,6.48498,0.241233,room_width_5_room_depth_6_transmittance_0.55_louver_depth_0.2.png
6,6,0.55,0.2,1.702361,0.358117,6.549311,0.210365,room_width_6_room_depth_6_transmittance_0.55_louver_depth_0.2.png
7,6,0.55,0.2,1.745571,0.330571,6.549313,0.189377,room_width_7_room_depth_6_transmittance_0.55_louver_depth_0.2.png
3,7,0.55,0.2,1.242658,0.204598,6.595149,0.164646,room_width_3_room_depth_7_transmittance_0.55_louver_depth_0.2.png
4,7,0.55,0.2,1.328551,0.250901,6.443653,0.188853,room_width_4_room_depth_7_transmittance_0.55_louver_depth_0.2.png
5,7,0.55,0.2,1.446708,0.342843,6.500104,0.236981,room_width_5_room_depth_7_transmittance_0.55_louver_depth_0.2.png
6,7,0.55,0.2,1.487956,0.35279,6.528542,0.237097,room_width_6_room_depth_7_transmittance_0.55_louver_depth_0.2.png
7,7,0.55,0.2,1.528307,0.319259,6.583196,0.208897,room_width_7_room_depth_7_transmittance_0.55_louver_depth_0.2.png
3,3,0.65,0.2,3.206209,0.978816,8.120063,0.305288,room_width_3_room_depth_3_transmittance_0.65_louver_depth_0.2.png
4,3,0.65,0.2,3.341997,0.732292,8.026888,0.219118,room_width_4_room_depth_3_transmittance_0.65_louver_depth_0.2.png
5,3,0.65,0.2,3.48987,0.656577,8.082269,0.188138,room_width_5_room_depth_3_transmittance_0.65_louver_depth_0.2.png
6,3,0.65,0.2,3.534672,0.611034,8.076115,0.172869,room_width_6_room_depth_3_transmittance_0.65_louver_depth_0.2.png
7,3,0.65,0.2,3.597926,0.579567,8.188688,0.161084,room_width_7_room_depth_3_transmittance_0.65_louver_depth_0.2.png
3,4,0.65,0.2,2.478773,0.829615,8.117897,0.334688,room_width_3_room_depth_4_transmittance_0.65_louver_depth_0.2.png
4,4,0.65,0.2,2.671243,0.645359,7.959672,0.241595,room_width_4_room_depth_4_transmittance_0.65_louver_depth_0.2.png
5,4,0.65,0.2,2.807596,0.550121,7.961272,0.19594,room_width_5_room_depth_4_transmittance_0.65_louver_depth_0.2.png
6,4,0.65,0.2,2.859187,0.515529,7.952102,0.180306,room_width_6_room_depth_4_transmittance_0.65_louver_depth_0.2.png
7,4,0.65,0.2,2.926976,0.482321,8.057236,0.164785,room_width_7_room_depth_4_transmittance_0.65_louver_depth_0.2.png
3,5,0.65,0.2,2.094912,0.583746,8.091881,0.278649,room_width_3_room_depth_5_transmittance_0.65_louver_depth_0.2.png
4,5,0.65,0.2,2.236329,0.617964,7.904819,0.27633,room_width_4_room_depth_5_transmittance_0.65_louver_depth_0.2.png
5,5,0.65,0.2,2.341197,0.514612,7.983874,0.219807,room_width_5_room_depth_5_transmittance_0.65_louver_depth_0.2.png
6,5,0.65,0.2,2.400181,0.470683,8.027092,0.196103,room_width_6_room_depth_5_transmittance_0.65_louver_depth_0.2.png
7,5,0.65,0.2,2.454631,0.436464,7.929634,0.177812,room_width_7_room_depth_5_transmittance_0.65_louver_depth_0.2.png
3,6,0.65,0.2,1.786028,0.391163,8.137179,0.219013,room_width_3_room_depth_6_transmittance_0.65_louver_depth_0.2.png
4,6,0.65,0.2,1.905914,0.491392,8.006946,0.257825,room_width_4_room_depth_6_transmittance_0.65_louver_depth_0.2.png
5,6,0.65,0.2,1.993214,0.496948,7.998699,0.24932,room_width_5_room_depth_6_transmittance_0.65_louver_depth_0.2.png
6,6,0.65,0.2,2.054771,0.446333,7.92007,0.217218,room_width_6_room_depth_6_transmittance_0.65_louver_depth_0.2.png
7,6,0.65,0.2,2.109969,0.40742,7.968371,0.193093,room_width_7_room_depth_6_transmittance_0.65_louver_depth_0.2.png
3,7,0.65,0.2,1.55283,0.278176,8.072798,0.179142,room_width_3_room_depth_7_transmittance_0.65_louver_depth_0.2.png
4,7,0.65,0.2,1.661317,0.350124,7.944126,0.210751,room_width_4_room_depth_7_transmittance_0.65_louver_depth_0.2.png
5,7,0.65,0.2,1.740265,0.406823,7.910565,0.233771,room_width_5_room_depth_7_transmittance_0.65_louver_depth_0.2.png
6,7,0.65,0.2,1.791366,0.432024,7.841423,0.24117,room_width_6_room_depth_7_transmittance_0.65_louver_depth_0.2.png
7,7,0.65,0.2,1.84023,0.388906,7.963121,0.211335,room_width_7_room_depth_7_transmittance_0.65_louver_depth_0.2.png
3,3,0.75,0.2,3.760627,1.163834,9.678806,0.309479,room_width_3_room_depth_3_transmittance_0.75_louver_depth_0.2.png
4,3,0.75,0.2,3.934326,0.851494,9.506835,0.216427,room_width_4_room_depth_3_transmittance_0.75_louver_depth_0.2.png
5,3,0.75,0.2,4.096281,0.768394,9.58896,0.187583,room_width_5_room_depth_3_transmittance_0.75_louver_depth_0.2.png
6,3,0.75,0.2,4.14462,0.716876,9.480687,0.172965,room_width_6_room_depth_3_transmittance_0.75_louver_depth_0.2.png
7,3,0.75,0.2,4.231211,0.679308,9.604476,0.160547,room_width_7_room_depth_3_transmittance_0.75_louver_depth_0.2.png
3,4,0.75,0.2,2.992338,1.053415,9.595168,0.352038,room_width_3_room_depth_4_transmittance_0.75_louver_depth_0.2.png
4,4,0.75,0.2,3.154739,0.776153,9.379144,0.246027,room_width_4_room_depth_4_transmittance_0.75_louver_depth_0.2.png
5,4,0.75,0.2,3.297289,0.664745,9.392846,0.201603,room_width_5_room_depth_4_transmittance_0.75_louver_depth_0.2.png
6,4,0.75,0.2,3.366842,0.605989,9.453074,0.179987,room_width_6_room_depth_4_transmittance_0.75_louver_depth_0.2.png
7,4,0.75,0.2,3.450734,0.57348,9.512817,0.166191,room_width_7_room_depth_4_transmittance_0.75_louver_depth_0.2.png
3,5,0.75,0.2,2.408675,0.626958,9.628109,0.260292,room_width_3_room_depth_5_transmittance_0.75_louver_depth_0.2.png
4,5,0.75,0.2,2.621788,0.740037,9.42665,0.282264,room_width_4_room_depth_5_transmittance_0.75_louver_depth_0.2.png
5,5,0.75,0.2,2.750795,0.616764,9.380406,0.224213,room_width_5_room_depth_5_transmittance_0.75_louver_depth_0.2.png
6,5,0.75,0.2,2.82086,0.561467,9.362019,0.199041,room_width_6_room_depth_5_transmittance_0.75_louver_depth_0.2.png
7,5,0.75,0.2,2.88287,0.520516,9.493281,0.180555,room_width_7_room_depth_5_transmittance_0.75_louver_depth_0.2.png
3,6,0.75,0.2,2.095277,0.434439,9.555106,0.207342,room_width_3_room_depth_6_transmittance_0.75_louver_depth_0.2.png
4,6,0.75,0.2,2.23751,0.56264,9.359573,0.251458,room_width_4_room_depth_6_transmittance_0.75_louver_depth_0.2.png
5,6,0.75,0.2,2.354789,0.588487,9.504907,0.249911,room_width_5_room_depth_6_transmittance_0.75_louver_depth_0.2.png
6,6,0.75,0.2,2.416065,0.526369,9.364027,0.217862,room_width_6_room_depth_6_transmittance_0.75_louver_depth_0.2.png
7,6,0.75,0.2,2.476673,0.482804,9.355465,0.194941,room_width_7_room_depth_6_transmittance_0.75_louver_depth_0.2.png
3,7,0.75,0.2,1.82347,0.315292,9.689685,0.172908,room_width_3_room_depth_7_transmittance_0.75_louver_depth_0.2.png
4,7,0.75,0.2,1.943457,0.404568,9.358899,0.208169,room_width_4_room_depth_7_transmittance_0.75_louver_depth_0.2.png
5,7,0.75,0.2,2.052691,0.472356,9.579641,0.230115,room_width_5_room_depth_7_transmittance_0.75_louver_depth_0.2.png
6,7,0.75,0.2,2.108732,0.514588,9.35021,0.244027,room_width_6_room_depth_7_transmittance_0.75_louver_depth_0.2.png
7,7,0.75,0.2,2.162039,0.465182,9.420016,0.215159,room_width_7_room_depth_7_transmittance_0.75_louver_depth_0.2.png
3,3,0.35,0.3,1.235163,0.34306,2.606405,0.277744,room_width_3_room_depth_3_transmittance_0.35_louver_depth_0.3.png
4,3,0.35,0.3,1.295579,0.286945,2.689695,0.22148,room_width_4_room_depth_3_transmittance_0.35_louver_depth_0.3.png
5,3,0.35,0.3,1.330726,0.26341,2.715813,0.197945,room_width_5_room_depth_3_transmittance_0.35_louver_depth_0.3.png
6,3,0.35,0.3,1.348653,0.25645,2.767877,0.190153,room_width_6_room_depth_3_transmittance_0.35_louver_depth_0.3.png
7,3,0.35,0.3,1.376776,0.245654,2.760159,0.178427,room_width_7_room_depth_3_transmittance_0.35_louver_depth_0.3.png
3,4,0.35,0.3,0.99488,0.323497,2.612938,0.325161,room_width_3_room_depth_4_transmittance_0.35_louver_depth_0.3.png
4,4,0.35,0.3,1.04756,0.248552,2.648539,0.237268,room_width_4_room_depth_4_transmittance_0.35_louver_depth_0.3.png
5,4,0.35,0.3,1.091995,0.221698,2.681103,0.203021,room_width_5_room_depth_4_transmittance_0.35_louver_depth_0.3.png
6,4,0.35,0.3,1.111402,0.210857,2.697918,0.189721,room_width_6_room_depth_4_transmittance_0.35_louver_depth_0.3.png
7,4,0.35,0.3,1.140856,0.200981,2.72631,0.176167,room_width_7_room_depth_4_transmittance_0.35_louver_depth_0.3.png
3,5,0.35,0.3,0.757069,0.226254,2.531647,0.298856,room_width_3_room_depth_5_transmittance_0.35_louver_depth_0.3.png
4,5,0.35,0.3,0.818679,0.169935,2.6149,0.207572,room_width_4_room_depth_5_transmittance_0.35_louver_depth_0.3.png
5,5,0.35,0.3,0.913871,0.194184,2.600641,0.212485,room_width_5_room_depth_5_transmittance_0.35_louver_depth_0.3.png
6,5,0.35,0.3,0.937679,0.186972,2.660493,0.199399,room_width_6_room_depth_5_transmittance_0.35_louver_depth_0.3.png
7,5,0.35,0.3,0.962087,0.175667,2.666459,0.18259,room_width_7_room_depth_5_transmittance_0.35_louver_depth_0.3.png
3,6,0.35,0.3,0.701442,0.187051,2.538719,0.266666,room_width_3_room_depth_6_transmittance_0.35_louver_depth_0.3.png
4,6,0.35,0.3,0.750549,0.217844,2.591209,0.290247,room_width_4_room_depth_6_transmittance_0.35_louver_depth_0.3.png
5,6,0.35,0.3,0.787366,0.186521,2.574365,0.236893,room_width_5_room_depth_6_transmittance_0.35_louver_depth_0.3.png
6,6,0.35,0.3,0.811683,0.174525,2.643051,0.215016,room_width_6_room_depth_6_transmittance_0.35_louver_depth_0.3.png
7,6,0.35,0.3,0.835016,0.163179,2.663647,0.19542,room_width_7_room_depth_6_transmittance_0.35_louver_depth_0.3.png
3,7,0.35,0.3,0.608969,0.126855,2.587681,0.208311,room_width_3_room_depth_7_transmittance_0.35_louver_depth_0.3.png
4,7,0.35,0.3,0.655573,0.165667,2.61529,0.252705,room_width_4_room_depth_7_transmittance_0.35_louver_depth_0.3.png
5,7,0.35,0.3,0.692793,0.187971,2.640778,0.271324,room_width_5_room_depth_7_transmittance_0.35_louver_depth_0.3.png
6,7,0.35,0.3,0.707999,0.164343,2.688077,0.232122,room_width_6_room_depth_7_transmittance_0.35_louver_depth_0.3.png
7,7,0.35,0.3,0.731275,0.155209,2.63759,0.212245,room_width_7_room_depth_7_transmittance_0.35_louver_depth_0.3.png
3,3,0.45,0.3,1.651524,0.480853,3.51752,0.291157,room_width_3_room_depth_3_transmittance_0.45_louver_depth_0.3.png
4,3,0.45,0.3,1.71202,0.389727,3.545883,0.227642,room_width_4_room_depth_3_transmittance_0.45_louver_depth_0.3.png
5,3,0.45,0.3,1.767779,0.36224,3.657829,0.204912,room_width_5_room_depth_3_transmittance_0.45_louver_depth_0.3.png
6,3,0.45,0.3,1.79315,0.346051,3.65762,0.192985,room_width_6_room_depth_3_transmittance_0.45_louver_depth_0.3.png
7,3,0.45,0.3,1.82352,0.32718,3.723284,0.179422,room_width_7_room_depth_3_transmittance_0.45_louver_depth_0.3.png
3,4,0.45,0.3,1.306256,0.414164,3.453726,0.317062,room_width_3_room_depth_4_transmittance_0.45_louver_depth_0.3.png
4,4,0.45,0.3,1.386748,0.33644,3.471873,0.242611,room_width_4_room_depth_4_transmittance_0.45_louver_depth_0.3.png
5,4,0.45,0.3,1.444465,0.3046,3.555139,0.210874,room_width_5_room_depth_4_transmittance_0.45_louver_depth_0.3.png
6,4,0.45,0.3,1.474379,0.285435,3.55591,0.193596,room_width_6_room_depth_4_transmittance_0.45_louver_depth_0.3.png
7,4,0.45,0.3,1.509588,0.273962,3.636537,0.181481,room_width_7_room_depth_4_transmittance_0.45_louver_depth_0.3.png
3,5,0.45,0.3,1.100502,0.369248,3.433181,0.335527,room_width_3_room_depth_5_transmittance_0.45_louver_depth_0.3.png
4,5,0.45,0.3,1.165175,0.319323,3.473665,0.274056,room_width_4_room_depth_5_transmittance_0.45_louver_depth_0.3.png
5,5,0.45,0.3,1.217595,0.27748,3.581228,0.227892,room_width_5_room_depth_5_transmittance_0.45_louver_depth_0.3.png
6,5,0.45,0.3,1.241432,0.253252,3.534758,0.203999,room_width_6_room_depth_5_transmittance_0.45_louver_depth_0.3.png
7,5,0.45,0.3,1.277039,0.235967,3.64751,0.184776,room_width_7_room_depth_5_transmittance_0.45_louver_depth_0.3.png
3,6,0.45,0.3,0.937505,0.251968,3.492048,0.268764,room_width_3_room_depth_6_transmittance_0.45_louver_depth_0.3.png
4,6,0.45,0.3,0.999387,0.307302,3.538966,0.307491,room_width_4_room_depth_6_transmittance_0.45_louver_depth_0.3.png
5,6,0.45,0.3,1.045611,0.265922,3.443695,0.254323,room_width_5_room_depth_6_transmittance_0.45_louver_depth_0.3.png
6,6,0.45,0.3,1.075102,0.241222,3.601559,0.224371,room_width_6_room_depth_6_transmittance_0.45_louver_depth_0.3.png
7,6,0.45,0.3,1.100344,0.221911,3.590239,0.201674,room_width_7_room_depth_6_transmittance_0.45_louver_depth_0.3.png
3,7,0.45,0.3,0.815449,0.172699,3.331661,0.211784,room_width_3_room_depth_7_transmittance_0.45_louver_depth_0.3.png
4,7,0.45,0.3,0.869558,0.222964,3.450807,0.256411,room_width_4_room_depth_7_transmittance_0.45_louver_depth_0.3.png
5,7,0.45,0.3,0.91223,0.251997,3.545074,0.276243,room_width_5_room_depth_7_transmittance_0.45_louver_depth_0.3.png
6,7,0.45,0.3,0.938133,0.232047,3.522969,0.247349,room_width_6_room_depth_7_transmittance_0.45_louver_depth_0.3.png
7,7,0.45,0.3,0.96689,0.212498,3.49737,0.219775,room_width_7_room_depth_7_transmittance_0.45_louver_depth_0.3.png
3,3,0.55,0.3,2.020469,0.585377,4.364775,0.289723,room_width_3_room_depth_3_transmittance_0.55_louver_depth_0.3.png
4,3,0.55,0.3,2.126478,0.489832,4.398882,0.230349,room_width_4_room_depth_3_transmittance_0.55_louver_depth_0.3.png
5,3,0.55,0.3,2.210722,0.447781,4.566104,0.20255,room_width_5_room_depth_3_transmittance_0.55_louver_depth_0.3.png
6,3,0.55,0.3,2.245078,0.431781,4.647168,0.192323,room_width_6_room_depth_3_transmittance_0.55_louver_depth_0.3.png
7,3,0.55,0.3,2.28167,0.41547,4.560254,0.18209,room_width_7_room_depth_3_transmittance_0.55_louver_depth_0.3.png
3,4,0.55,0.3,1.636647,0.542546,4.309199,0.331499,room_width_3_room_depth_4_transmittance_0.55_louver_depth_0.3.png
4,4,0.55,0.3,1.673875,0.365422,4.400701,0.218309,room_width_4_room_depth_4_transmittance_0.55_louver_depth_0.3.png
5,4,0.55,0.3,1.806664,0.387406,4.453488,0.214432,room_width_5_room_depth_4_transmittance_0.55_louver_depth_0.3.png
6,4,0.55,0.3,1.847698,0.362708,4.485779,0.196303,room_width_6_room_depth_4_transmittance_0.55_louver_depth_0.3.png
7,4,0.55,0.3,1.887909,0.345363,4.602561,0.182934,room_width_7_room_depth_4_transmittance_0.55_louver_depth_0.3.png
3,5,0.55,0.3,1.376099,0.452969,4.359017,0.329169,room_width_3_room_depth_5_transmittance_0.55_louver_depth_0.3.png
4,5,0.55,0.3,1.462138,0.409916,4.416966,0.280354,room_width_4_room_depth_5_transmittance_0.55_louver_depth_0.3.png
5,5,0.55,0.3,1.518846,0.354084,4.415787,0.233127,room_width_5_room_depth_5_transmittance_0.55_louver_depth_0.3.png
6,5,0.55,0.3,1.557501,0.321187,4.481849,0.206219,room_width_6_room_depth_5_transmittance_0.55_louver_depth_0.3.png
7,5,0.55,0.3,1.590792,0.302221,4.487764,0.189981,room_width_7_room_depth_5_transmittance_0.55_louver_depth_0.3.png
3,6,0.55,0.3,1.16297,0.306058,4.405326,0.263169,room_width_3_room_depth_6_transmittance_0.55_louver_depth_0.3.png
4,6,0.55,0.3,1.247881,0.382261,4.393079,0.306328,room_width_4_room_depth_6_transmittance_0.55_louver_depth_0.3.png
5,6,0.55,0.3,1.30651,0.3359,4.390578,0.257097,room_width_5_room_depth_6_transmittance_0.55_louver_depth_0.3.png
6,6,0.55,0.3,1.33782,0.299771,4.477678,0.224075,room_width_6_room_depth_6_transmittance_0.55_louver_depth_0.3.png
7,6,0.55,0.3,1.37455,0.276889,4.521538,0.20144,room_width_7_room_depth_6_transmittance_0.55_louver_depth_0.3.png
3,7,0.55,0.3,1.02179,0.216601,4.363608,0.211982,room_width_3_room_depth_7_transmittance_0.55_louver_depth_0.3.png
4,7,0.55,0.3,1.090764,0.274416,4.329811,0.251582,room_width_4_room_depth_7_transmittance_0.55_louver_depth_0.3.png
5,7,0.55,0.3,1.144778,0.315065,4.416632,0.275219,room_width_5_room_depth_7_transmittance_0.55_louver_depth_0.3.png
6,7,0.55,0.3,1.175451,0.295217,4.497339,0.251152,room_width_6_room_depth_7_transmittance_0.55_louver_depth_0.3.png
7,7,0.55,0.3,1.20716,0.268864,4.509363,0.222725,room_width_7_room_depth_7_transmittance_0.55_louver_depth_0.3.png
3,3,0.65,0.3,2.486622,0.767838,5.450679,0.308788,room_width_3_room_depth_3_transmittance_0.65_louver_depth_0.3.png
4,3,0.65,0.3,2.580454,0.615385,5.393048,0.238479,room_width_4_room_depth_3_transmittance_0.65_louver_depth_0.3.png
5,3,0.65,0.3,2.67172,0.561352,5.513776,0.210109,room_width_5_room_depth_3_transmittance_0.65_louver_depth_0.3.png
6,3,0.65,0.3,2.713693,0.530416,5.48321,0.195459,room_width_6_room_depth_3_transmittance_0.65_louver_depth_0.3.png
7,3,0.65,0.3,2.760254,0.506318,5.622424,0.183432,room_width_7_room_depth_3_transmittance_0.65_louver_depth_0.3.png
3,4,0.65,0.3,1.988748,0.686577,5.320315,0.34523,room_width_3_room_depth_4_transmittance_0.65_louver_depth_0.3.png
4,4,0.65,0.3,2.095212,0.533443,5.337477,0.254601,room_width_4_room_depth_4_transmittance_0.65_louver_depth_0.3.png
5,4,0.65,0.3,2.182666,0.479008,5.445712,0.21946,room_width_5_room_depth_4_transmittance_0.65_louver_depth_0.3.png
6,4,0.65,0.3,2.222954,0.439858,5.450307,0.197871,room_width_6_room_depth_4_transmittance_0.65_louver_depth_0.3.png
7,4,0.65,0.3,2.272477,0.415997,5.476809,0.183059,room_width_7_room_depth_4_transmittance_0.65_louver_depth_0.3.png
3,5,0.65,0.3,1.65797,0.54422,5.359269,0.328245,room_width_3_room_depth_5_transmittance_0.65_louver_depth_0.3.png
4,5,0.65,0.3,1.744222,0.492167,5.321151,0.28217,room_width_4_room_depth_5_transmittance_0.65_louver_depth_0.3.png
5,5,0.65,0.3,1.831395,0.429694,5.169575,0.234627,room_width_5_room_depth_5_transmittance_0.65_louver_depth_0.3.png
6,5,0.65,0.3,1.870388,0.39605,5.415342,0.211747,room_width_6_room_depth_5_transmittance_0.65_louver_depth_0.3.png
7,5,0.65,0.3,1.918115,0.369517,5.393193,0.192646,room_width_7_room_depth_5_transmittance_0.65_louver_depth_0.3.png
3,6,0.65,0.3,1.406769,0.345318,5.351164,0.245469,room_width_3_room_depth_6_transmittance_0.65_louver_depth_0.3.png
4,6,0.65,0.3,1.499553,0.461335,5.308898,0.307648,room_width_4_room_depth_6_transmittance_0.65_louver_depth_0.3.png
5,6,0.65,0.3,1.571138,0.413669,5.312496,0.263292,room_width_5_room_depth_6_transmittance_0.65_louver_depth_0.3.png
6,6,0.65,0.3,1.613518,0.373228,5.309104,0.231313,room_width_6_room_depth_6_transmittance_0.65_louver_depth_0.3.png
7,6,0.65,0.3,1.659187,0.344334,5.518248,0.207532,room_width_7_room_depth_6_transmittance_0.65_louver_depth_0.3.png
3,7,0.65,0.3,1.229585,0.25677,5.461199,0.208827,room_width_3_room_depth_7_transmittance_0.65_louver_depth_0.3.png
4,7,0.65,0.3,1.305534,0.327761,5.303804,0.251055,room_width_4_room_depth_7_transmittance_0.65_louver_depth_0.3.png
5,7,0.65,0.3,1.375575,0.387172,5.240048,0.281462,room_width_5_room_depth_7_transmittance_0.65_louver_depth_0.3.png
6,7,0.65,0.3,1.416814,0.365482,5.329784,0.257961,room_width_6_room_depth_7_transmittance_0.65_louver_depth_0.3.png
7,7,0.65,0.3,1.454292,0.32841,5.391607,0.225821,room_width_7_room_depth_7_transmittance_0.65_louver_depth_0.3.png
3,3,0.75,0.3,2.911477,0.861835,6.424215,0.296013,room_width_3_room_depth_3_transmittance_0.75_louver_depth_0.3.png
4,3,0.75,0.3,3.018892,0.725008,6.479084,0.240157,room_width_4_room_depth_3_transmittance_0.75_louver_depth_0.3.png
5,3,0.75,0.3,3.140226,0.655406,6.401992,0.208713,room_width_5_room_depth_3_transmittance_0.75_louver_depth_0.3.png
6,3,0.75,0.3,3.18206,0.627379,6.490146,0.197161,room_width_6_room_depth_3_transmittance_0.75_louver_depth_0.3.png
7,3,0.75,0.3,3.254211,0.600302,6.600582,0.184469,room_width_7_room_depth_3_transmittance_0.75_louver_depth_0.3.png
3,4,0.75,0.3,2.33894,0.827142,6.318909,0.35364,room_width_3_room_depth_4_transmittance_0.75_louver_depth_0.3.png
4,4,0.75,0.3,2.462493,0.636185,6.336278,0.25835,room_width_4_room_depth_4_transmittance_0.75_louver_depth_0.3.png
5,4,0.75,0.3,2.560167,0.562623,6.437708,0.21976,room_width_5_room_depth_4_transmittance_0.75_louver_depth_0.3.png
6,4,0.75,0.3,2.609739,0.530656,6.395153,0.203337,room_width_6_room_depth_4_transmittance_0.75_louver_depth_0.3.png
7,4,0.75,0.3,2.669934,0.498912,6.475132,0.186863,room_width_7_room_depth_4_transmittance_0.75_louver_depth_0.3.png
3,5,0.75,0.3,1.948722,0.641691,6.295699,0.329288,room_width_3_room_depth_5_transmittance_0.75_louver_depth_0.3.png
4,5,0.75,0.3,2.057137,0.594715,6.329377,0.289098,room_width_4_room_depth_5_transmittance_0.75_louver_depth_0.3.png
5,5,0.75,0.3,2.149255,0.516958,6.349805,0.240529,room_width_5_room_depth_5_transmittance_0.75_louver_depth_0.3.png
6,5,0.75,0.3,2.199486,0.475725,6.341088,0.216289,room_width_6_room_depth_5_transmittance_0.75_louver_depth_0.3.png
7,5,0.75,0.3,2.252805,0.442222,6.386337,0.196298,room_width_7_room_depth_5_transmittance_0.75_louver_depth_0.3.png
3,6,0.75,0.3,1.656671,0.433781,6.357343,0.261839,room_width_3_room_depth_6_transmittance_0.75_louver_depth_0.3.png
4,6,0.75,0.3,1.757345,0.529463,6.202386,0.301286,room_width_4_room_depth_6_transmittance_0.75_louver_depth_0.3.png
5,6,0.75,0.3,1.854036,0.49563,6.285182,0.267325,room_width_5_room_depth_6_transmittance_0.75_louver_depth_0.3.png
6,6,0.75,0.3,1.893167,0.43448,6.442206,0.229499,room_width_6_room_depth_6_transmittance_0.75_louver_depth_0.3.png
7,6,0.75,0.3,1.94733,0.402166,6.32131,0.206522,room_width_7_room_depth_6_transmittance_0.75_louver_depth_0.3.png
3,7,0.75,0.3,1.436303,0.292608,6.248106,0.203723,room_width_3_room_depth_7_transmittance_0.75_louver_depth_0.3.png
4,7,0.75,0.3,1.537604,0.379672,6.250442,0.246924,room_width_4_room_depth_7_transmittance_0.75_louver_depth_0.3.png
5,7,0.75,0.3,1.621882,0.440395,6.312925,0.271534,room_width_5_room_depth_7_transmittance_0.75_louver_depth_0.3.png
6,7,0.75,0.3,1.658817,0.432593,6.265666,0.260784,room_width_6_room_depth_7_transmittance_0.75_louver_depth_0.3.png
7,7,0.75,0.3,1.70907,0.391249,6.347084,0.228925,room_width_7_room_depth_7_transmittance_0.75_louver_depth_0.3.png
3,3,0.35,0.4,0.984883,0.281081,1.914788,0.285395,room_width_3_room_depth_3_transmittance_0.35_louver_depth_0.4.png
4,3,0.35,0.4,1.027645,0.243951,2.015202,0.237388,room_width_4_room_depth_3_transmittance_0.35_louver_depth_0.4.png
5,3,0.35,0.4,1.062834,0.230194,1.966415,0.216585,room_width_5_room_depth_3_transmittance_0.35_louver_depth_0.4.png
6,3,0.35,0.4,1.070681,0.224507,2.034645,0.209686,room_width_6_room_depth_3_transmittance_0.35_louver_depth_0.4.png
7,3,0.35,0.4,1.093938,0.215095,2.031043,0.196624,room_width_7_room_depth_3_transmittance_0.35_louver_depth_0.4.png
3,4,0.35,0.4,0.81882,0.268812,1.937705,0.328292,room_width_3_room_depth_4_transmittance_0.35_louver_depth_0.4.png
4,4,0.35,0.4,0.852932,0.209296,2.005135,0.245384,room_width_4_room_depth_4_transmittance_0.35_louver_depth_0.4.png
5,4,0.35,0.4,0.88532,0.193264,1.980608,0.218298,room_width_5_room_depth_4_transmittance_0.35_louver_depth_0.4.png
6,4,0.35,0.4,0.897011,0.182875,1.977805,0.203872,room_width_6_room_depth_4_transmittance_0.35_louver_depth_0.4.png
7,4,0.35,0.4,0.915248,0.174217,1.925863,0.190349,room_width_7_room_depth_4_transmittance_0.35_louver_depth_0.4.png
3,5,0.35,0.4,0.677054,0.242667,1.929844,0.358416,room_width_3_room_depth_5_transmittance_0.35_louver_depth_0.4.png
4,5,0.35,0.4,0.717848,0.195462,1.963605,0.272289,room_width_4_room_depth_5_transmittance_0.35_louver_depth_0.4.png
5,5,0.35,0.4,0.747597,0.172038,1.90383,0.230121,room_width_5_room_depth_5_transmittance_0.35_louver_depth_0.4.png
6,5,0.35,0.4,0.759287,0.160985,1.936911,0.212021,room_width_6_room_depth_5_transmittance_0.35_louver_depth_0.4.png
7,5,0.35,0.4,0.78113,0.153999,1.944604,0.197148,room_width_7_room_depth_5_transmittance_0.35_louver_depth_0.4.png
3,6,0.35,0.4,0.532619,0.146017,1.911444,0.27415,room_width_3_room_depth_6_transmittance_0.35_louver_depth_0.4.png
4,6,0.35,0.4,0.619373,0.190985,1.990083,0.308352,room_width_4_room_depth_6_transmittance_0.35_louver_depth_0.4.png
5,6,0.35,0.4,0.647151,0.164987,1.965504,0.254944,room_width_5_room_depth_6_transmittance_0.35_louver_depth_0.4.png
6,6,0.35,0.4,0.657765,0.14952,1.927946,0.227315,room_width_6_room_depth_6_transmittance_0.35_louver_depth_0.4.png
7,6,0.35,0.4,0.673367,0.137592,1.875438,0.204334,room_width_7_room_depth_6_transmittance_0.35_louver_depth_0.4.png
3,7,0.35,0.4,0.513912,0.129003,1.921488,0.251021,room_width_3_room_depth_7_transmittance_0.35_louver_depth_0.4.png
4,7,0.35,0.4,0.542396,0.153382,1.955657,0.282785,room_width_4_room_depth_7_transmittance_0.35_louver_depth_0.4.png
5,7,0.35,0.4,0.571529,0.160449,1.943815,0.280737,room_width_5_room_depth_7_transmittance_0.35_louver_depth_0.4.png
6,7,0.35,0.4,0.578691,0.143336,1.934031,0.24769,room_width_6_room_depth_7_transmittance_0.35_louver_depth_0.4.png
7,7,0.35,0.4,0.59378,0.130486,1.881236,0.219754,room_width_7_room_depth_7_transmittance_0.35_louver_depth_0.4.png
3,3,0.45,0.4,1.332589,0.404159,2.620259,0.303289,room_width_3_room_depth_3_transmittance_0.45_louver_depth_0.4.png
4,3,0.45,0.4,1.377096,0.342117,2.717999,0.248434,room_width_4_room_depth_3_transmittance_0.45_louver_depth_0.4.png
5,3,0.45,0.4,1.415824,0.314745,2.660452,0.222305,room_width_5_room_depth_3_transmittance_0.45_louver_depth_0.4.png
6,3,0.45,0.4,1.417359,0.302206,2.669832,0.213218,room_width_6_room_depth_3_transmittance_0.45_louver_depth_0.4.png
7,3,0.45,0.4,1.440573,0.290682,2.592935,0.201782,room_width_7_room_depth_3_transmittance_0.45_louver_depth_0.4.png
3,4,0.45,0.4,1.07519,0.362522,2.562,0.33717,room_width_3_room_depth_4_transmittance_0.45_louver_depth_0.4.png
4,4,0.45,0.4,1.13192,0.290992,2.658089,0.257078,room_width_4_room_depth_4_transmittance_0.45_louver_depth_0.4.png
5,4,0.45,0.4,1.171006,0.262111,2.587101,0.223834,room_width_5_room_depth_4_transmittance_0.45_louver_depth_0.4.png
6,4,0.45,0.4,1.186291,0.250147,2.63844,0.210865,room_width_6_room_depth_4_transmittance_0.45_louver_depth_0.4.png
7,4,0.45,0.4,1.208773,0.237577,2.529392,0.196544,room_width_7_room_depth_4_transmittance_0.45_louver_depth_0.4.png
3,5,0.45,0.4,0.898761,0.336582,2.568249,0.374495,room_width_3_room_depth_5_transmittance_0.45_louver_depth_0.4.png
4,5,0.45,0.4,0.952128,0.266029,2.658229,0.279404,room_width_4_room_depth_5_transmittance_0.45_louver_depth_0.4.png
5,5,0.45,0.4,0.989733,0.238924,2.527296,0.241403,room_width_5_room_depth_5_transmittance_0.45_louver_depth_0.4.png
6,5,0.45,0.4,1.008147,0.220931,2.574772,0.219146,room_width_6_room_depth_5_transmittance_0.45_louver_depth_0.4.png
7,5,0.45,0.4,1.029793,0.205928,2.503081,0.19997,room_width_7_room_depth_5_transmittance_0.45_louver_depth_0.4.png
3,6,0.45,0.4,0.775047,0.238839,2.560411,0.308161,room_width_3_room_depth_6_transmittance_0.45_louver_depth_0.4.png
4,6,0.45,0.4,0.820437,0.263286,2.621543,0.320909,room_width_4_room_depth_6_transmittance_0.45_louver_depth_0.4.png
5,6,0.45,0.4,0.853938,0.226839,2.534871,0.265639,room_width_5_room_depth_6_transmittance_0.45_louver_depth_0.4.png
6,6,0.45,0.4,0.869828,0.206327,2.567845,0.237204,room_width_6_room_depth_6_transmittance_0.45_louver_depth_0.4.png
7,6,0.45,0.4,0.89397,0.18741,2.478679,0.209638,room_width_7_room_depth_6_transmittance_0.45_louver_depth_0.4.png
3,7,0.45,0.4,0.615976,0.116906,2.510241,0.189791,room_width_3_room_depth_7_transmittance_0.45_louver_depth_0.4.png
4,7,0.45,0.4,0.713958,0.210353,2.62457,0.29463,room_width_4_room_depth_7_transmittance_0.45_louver_depth_0.4.png
5,7,0.45,0.4,0.748488,0.219997,2.533348,0.293921,room_width_5_room_depth_7_transmittance_0.45_louver_depth_0.4.png
6,7,0.45,0.4,0.76593,0.197443,2.568029,0.257783,room_width_6_room_depth_7_transmittance_0.45_louver_depth_0.4.png
7,7,0.45,0.4,0.788174,0.182868,2.492342,0.232015,room_width_7_room_depth_7_transmittance_0.45_louver_depth_0.4.png
3,3,0.55,0.4,1.638436,0.499586,3.244794,0.304917,room_width_3_room_depth_3_transmittance_0.55_louver_depth_0.4.png
4,3,0.55,0.4,1.716595,0.430598,3.425292,0.250844,room_width_4_room_depth_3_transmittance_0.55_louver_depth_0.4.png
5,3,0.55,0.4,1.763842,0.403144,3.271526,0.22856,room_width_5_room_depth_3_transmittance_0.55_louver_depth_0.4.png
6,3,0.55,0.4,1.783513,0.386503,3.377469,0.216709,room_width_6_room_depth_3_transmittance_0.55_louver_depth_0.4.png
7,3,0.55,0.4,1.817164,0.370125,3.270026,0.203682,room_width_7_room_depth_3_transmittance_0.55_louver_depth_0.4.png
3,4,0.55,0.4,1.349506,0.479325,3.263417,0.355186,room_width_3_room_depth_4_transmittance_0.55_louver_depth_0.4.png
4,4,0.55,0.4,1.406913,0.37133,3.373312,0.263932,room_width_4_room_depth_4_transmittance_0.55_louver_depth_0.4.png
5,4,0.55,0.4,1.462268,0.336396,3.298231,0.230051,room_width_5_room_depth_4_transmittance_0.55_louver_depth_0.4.png
6,4,0.55,0.4,1.48613,0.319917,3.34362,0.215269,room_width_6_room_depth_4_transmittance_0.55_louver_depth_0.4.png
7,4,0.55,0.4,1.516821,0.301963,3.162108,0.199076,room_width_7_room_depth_4_transmittance_0.55_louver_depth_0.4.png
3,5,0.55,0.4,1.132378,0.426418,3.218203,0.376569,room_width_3_room_depth_5_transmittance_0.55_louver_depth_0.4.png
4,5,0.55,0.4,1.188414,0.349527,3.315182,0.294112,room_width_4_room_depth_5_transmittance_0.55_louver_depth_0.4.png
5,5,0.55,0.4,1.24077,0.306267,3.284983,0.246836,room_width_5_room_depth_5_transmittance_0.55_louver_depth_0.4.png
6,5,0.55,0.4,1.261591,0.281567,3.257204,0.223184,room_width_6_room_depth_5_transmittance_0.55_louver_depth_0.4.png
7,5,0.55,0.4,1.289692,0.264567,3.143764,0.20514,room_width_7_room_depth_5_transmittance_0.55_louver_depth_0.4.png
3,6,0.55,0.4,0.966893,0.285317,3.26748,0.295086,room_width_3_room_depth_6_transmittance_0.55_louver_depth_0.4.png
4,6,0.55,0.4,1.02108,0.331771,3.347935,0.324921,room_width_4_room_depth_6_transmittance_0.55_louver_depth_0.4.png
5,6,0.55,0.4,1.063572,0.286789,3.280007,0.269647,room_width_5_room_depth_6_transmittance_0.55_louver_depth_0.4.png
6,6,0.55,0.4,1.08594,0.26072,3.249298,0.240087,room_width_6_room_depth_6_transmittance_0.55_louver_depth_0.4.png
7,6,0.55,0.4,1.117364,0.243324,3.179017,0.217766,room_width_7_room_depth_6_transmittance_0.55_louver_depth_0.4.png
3,7,0.55,0.4,0.8358,0.199347,3.191464,0.23851,room_width_3_room_depth_7_transmittance_0.55_louver_depth_0.4.png
4,7,0.55,0.4,0.893323,0.254918,3.373493,0.285359,room_width_4_room_depth_7_transmittance_0.55_louver_depth_0.4.png
5,7,0.55,0.4,0.931959,0.279647,3.119975,0.300064,room_width_5_room_depth_7_transmittance_0.55_louver_depth_0.4.png
6,7,0.55,0.4,0.953127,0.250238,3.230023,0.262544,room_width_6_room_depth_7_transmittance_0.55_louver_depth_0.4.png
7,7,0.55,0.4,0.980544,0.228157,3.048531,0.232684,room_width_7_room_depth_7_transmittance_0.55_louver_depth_0.4.png
3,3,0.65,0.4,2.009009,0.623432,4.055336,0.310318,room_width_3_room_depth_3_transmittance_0.65_louver_depth_0.4.png
4,3,0.65,0.4,2.08106,0.529084,4.1818,0.254238,room_width_4_room_depth_3_transmittance_0.65_louver_depth_0.4.png
5,3,0.65,0.4,2.133686,0.490698,3.962432,0.229977,room_width_5_room_depth_3_transmittance_0.65_louver_depth_0.4.png
6,3,0.65,0.4,2.147932,0.463561,4.136259,0.215817,room_width_6_room_depth_3_transmittance_0.65_louver_depth_0.4.png
7,3,0.65,0.4,2.185126,0.447596,4.094783,0.204838,room_width_7_room_depth_3_transmittance_0.65_louver_depth_0.4.png
3,4,0.65,0.4,1.629651,0.584717,3.967229,0.358799,room_width_3_room_depth_4_transmittance_0.65_louver_depth_0.4.png
4,4,0.65,0.4,1.703003,0.458939,4.059754,0.269488,room_width_4_room_depth_4_transmittance_0.65_louver_depth_0.4.png
5,4,0.65,0.4,1.765947,0.415579,3.963137,0.235329,room_width_5_room_depth_4_transmittance_0.65_louver_depth_0.4.png
6,4,0.65,0.4,1.785132,0.38921,4.053618,0.218029,room_width_6_room_depth_4_transmittance_0.65_louver_depth_0.4.png
7,4,0.65,0.4,1.820572,0.366551,3.86366,0.201338,room_width_7_room_depth_4_transmittance_0.65_louver_depth_0.4.png
3,5,0.65,0.4,1.355899,0.511404,3.92315,0.377169,room_width_3_room_depth_5_transmittance_0.65_louver_depth_0.4.png
4,5,0.65,0.4,1.415707,0.412818,4.013397,0.291598,room_width_4_room_depth_5_transmittance_0.65_louver_depth_0.4.png
5,5,0.65,0.4,1.485414,0.37071,3.888845,0.249567,room_width_5_room_depth_5_transmittance_0.65_louver_depth_0.4.png
6,5,0.65,0.4,1.519598,0.345137,3.975035,0.227124,room_width_6_room_depth_5_transmittance_0.65_louver_depth_0.4.png
7,5,0.65,0.4,1.555643,0.319768,3.904928,0.205554,room_width_7_room_depth_5_transmittance_0.65_louver_depth_0.4.png
3,6,0.65,0.4,1.123195,0.317398,3.918509,0.282585,room_width_3_room_depth_6_transmittance_0.65_louver_depth_0.4.png
4,6,0.65,0.4,1.229848,0.416703,4.057932,0.338825,room_width_4_room_depth_6_transmittance_0.65_louver_depth_0.4.png
5,6,0.65,0.4,1.279982,0.35001,3.806007,0.273449,room_width_5_room_depth_6_transmittance_0.65_louver_depth_0.4.png
6,6,0.65,0.4,1.31145,0.321784,3.985102,0.245365,room_width_6_room_depth_6_transmittance_0.65_louver_depth_0.4.png
7,6,0.65,0.4,1.347565,0.299486,3.793416,0.222242,room_width_7_room_depth_6_transmittance_0.65_louver_depth_0.4.png
3,7,0.65,0.4,1.016492,0.246495,4.002277,0.242496,room_width_3_room_depth_7_transmittance_0.65_louver_depth_0.4.png
4,7,0.65,0.4,1.076245,0.304269,4.086527,0.282713,room_width_4_room_depth_7_transmittance_0.65_louver_depth_0.4.png
5,7,0.65,0.4,1.12824,0.350121,3.859571,0.310325,room_width_5_room_depth_7_transmittance_0.65_louver_depth_0.4.png
6,7,0.65,0.4,1.146207,0.307047,3.959893,0.267881,room_width_6_room_depth_7_transmittance_0.65_louver_depth_0.4.png
7,7,0.65,0.4,1.179118,0.281884,3.745532,0.239063,room_width_7_room_depth_7_transmittance_0.65_louver_depth_0.4.png
3,3,0.75,0.4,2.360316,0.751546,4.771179,0.318409,room_width_3_room_depth_3_transmittance_0.75_louver_depth_0.4.png
4,3,0.75,0.4,2.441868,0.628474,5.002957,0.257374,room_width_4_room_depth_3_transmittance_0.75_louver_depth_0.4.png
5,3,0.75,0.4,2.508598,0.585709,4.759664,0.23348,room_width_5_room_depth_3_transmittance_0.75_louver_depth_0.4.png
6,3,0.75,0.4,2.534755,0.557981,4.898564,0.220132,room_width_6_room_depth_3_transmittance_0.75_louver_depth_0.4.png
7,3,0.75,0.4,2.575233,0.532014,4.724297,0.206589,room_width_7_room_depth_3_transmittance_0.75_louver_depth_0.4.png
3,4,0.75,0.4,1.913903,0.703729,4.736361,0.367693,room_width_3_room_depth_4_transmittance_0.75_louver_depth_0.4.png
4,4,0.75,0.4,1.986237,0.556307,4.936256,0.280081,room_width_4_room_depth_4_transmittance_0.75_louver_depth_0.4.png
5,4,0.75,0.4,2.063788,0.483801,4.600637,0.234424,room_width_5_room_depth_4_transmittance_0.75_louver_depth_0.4.png
6,4,0.75,0.4,2.096267,0.457624,4.750345,0.218304,room_width_6_room_depth_4_transmittance_0.75_louver_depth_0.4.png
7,4,0.75,0.4,2.142294,0.438173,4.536556,0.204534,room_width_7_room_depth_4_transmittance_0.75_louver_depth_0.4.png
3,5,0.75,0.4,1.597544,0.595974,4.686086,0.373056,room_width_3_room_depth_5_transmittance_0.75_louver_depth_0.4.png
4,5,0.75,0.4,1.676925,0.507256,4.880057,0.302492,room_width_4_room_depth_5_transmittance_0.75_louver_depth_0.4.png
5,5,0.75,0.4,1.74193,0.44312,4.602802,0.254385,room_width_5_room_depth_5_transmittance_0.75_louver_depth_0.4.png
6,5,0.75,0.4,1.775353,0.407239,4.746906,0.229385,room_width_6_room_depth_5_transmittance_0.75_louver_depth_0.4.png
7,5,0.75,0.4,1.819197,0.379883,4.530107,0.208819,room_width_7_room_depth_5_transmittance_0.75_louver_depth_0.4.png
3,6,0.75,0.4,1.332234,0.370712,4.640602,0.278263,room_width_3_room_depth_6_transmittance_0.75_louver_depth_0.4.png
4,6,0.75,0.4,1.442613,0.498685,4.844904,0.345682,room_width_4_room_depth_6_transmittance_0.75_louver_depth_0.4.png
5,6,0.75,0.4,1.508233,0.422143,4.614042,0.279892,room_width_5_room_depth_6_transmittance_0.75_louver_depth_0.4.png
6,6,0.75,0.4,1.534377,0.377774,4.713029,0.246206,room_width_6_room_depth_6_transmittance_0.75_louver_depth_0.4.png
7,6,0.75,0.4,1.576059,0.35333,4.501709,0.224186,room_width_7_room_depth_6_transmittance_0.75_louver_depth_0.4.png
3,7,0.75,0.4,1.194562,0.286469,4.701179,0.23981,room_width_3_room_depth_7_transmittance_0.75_louver_depth_0.4.png
4,7,0.75,0.4,1.265166,0.366124,4.832493,0.289389,room_width_4_room_depth_7_transmittance_0.75_louver_depth_0.4.png
5,7,0.75,0.4,1.326939,0.420983,4.539032,0.317259,room_width_5_room_depth_7_transmittance_0.75_louver_depth_0.4.png
6,7,0.75,0.4,1.345366,0.368203,4.673472,0.273682,room_width_6_room_depth_7_transmittance_0.75_louver_depth_0.4.png
7,7,0.75,0.4,1.386897,0.334168,4.397357,0.240947,room_width_7_room_depth_7_transmittance_0.75_louver_depth_0.4.png
